"number","title","labels"
"4277","feat(build-study-designer): Step 7 ΓÇö Harden observation payload and submission failure handling",""
"4276","feat(build-study-designer): Step 6 ΓÇö Apply gating to UI controls and add read-only/forbidden state",""
"4275","feat(build-study-designer): Step 5 ΓÇö Derive permission and study-scope gates in EcrfView",""
"4274","feat(build-study-designer): Step 4 ΓÇö Add permission-gating tests","enhancement, validation, security, child, type: feature, blocked, priority: medium, status: blocked"
"4273","feat(build-study-designer): Step 3 ΓÇö Harden observation payload and submission failure handling",""
"4272","feat(build-study-designer): Step 2 ΓÇö Apply gating to UI controls and add read-only/forbidden state",""
"4271","feat(build-study-designer): Step 1 ΓÇö Derive permission and study-scope gates in EcrfView","enhancement, security, compliance, 21CFR11, architecture, type: feature"
"4270","feat(build-study-designer): Step 2 ΓÇö Propagate tenant and scope headers in the gateway client","enhancement, security, api, integration, requirements, dependencies, child, type: feature, blocked, priority: medium, status: blocked"
"4269","feat(build-study-designer): Step 1 ΓÇö Propagate tenant and scope headers in the gateway client","enhancement, security, api, integration, requirements, child, type: feature"
"4268","feat(build-study-designer): Step 6 ΓÇö Permission and scope getters in the SPA auth store",""
"4267","feat(build-study-designer): Step 5 ΓÇö Tenant and scope state in the SPA auth store","enhancement, security, api, dependencies, child, type: feature, blocked, status: blocked"
"4266","feat(build-study-designer): Step 4 ΓÇö Shared frontend authorization module in `packages/ui`",""
"4265","feat(build-study-designer): Step 3 ΓÇö Permission and scope getters in the SPA auth store","enhancement, security, dependencies, scope: frontend, type: feature, blocked, status: blocked, area: frontend"
"4264","feat(build-study-designer): Step 2 ΓÇö Tenant and scope state in the SPA auth store","enhancement, security, api, dependencies, child, type: feature, blocked, status: blocked"
"4263","feat(build-study-designer): Step 1 ΓÇö Shared frontend authorization module in `packages/ui`",""
"4262","feat(build-study-designer): Step 6 ΓÇö Extend the test suites","enhancement, qa, validation, testing, api, architecture, requirements, dependencies, child, scope: frontend, type: feature, blocked, priority: medium, status: blocked, area: frontend"
"4261","feat(build-study-designer): Step 5 ΓÇö Inject tenant and scope headers in the shared fetch wrapper",""
"4260","feat(build-study-designer): Step 4 ΓÇö Add tenant, scope, and permission model to the auth store","enhancement, security, child, scope: frontend, type: feature, blocked, priority: medium, status: blocked, area: frontend"
"4259","feat(build-study-designer): Step 3 ΓÇö Extend the test suites","enhancement, qa, validation, testing, security, compliance, api, integration, architecture, requirements, dependencies, child, scope: frontend, type: feature, blocked, priority: medium, status: blocked, area: frontend"
"4258","feat(build-study-designer): Step 2 ΓÇö Inject tenant and scope headers in the shared fetch wrapper",""
"4257","feat(build-study-designer): Step 1 ΓÇö Add tenant, scope, and permission model to the auth store","enhancement, security, requirements, child, scope: frontend, type: feature, area: frontend"
"4256","feat(build-study-designer): Step 6 ΓÇö Handle submission edge cases","enhancement, child, type: feature, blocked, status: blocked"
"4255","feat(build-study-designer): Step 5 ΓÇö Apply permission and study-scope gating in `EcrfView.vue`",""
"4254","feat(build-study-designer): Step 4 ΓÇö Confirm and consume auth-store permission helpers",""
"4253","feat(build-study-designer): Step 3 ΓÇö Handle submission edge cases","enhancement, qa, validation, scope: frontend, type: feature, blocked, status: blocked"
"4252","feat(build-study-designer): Step 2 ΓÇö Apply permission and study-scope gating in `EcrfView.vue`",""
"4251","feat(build-study-designer): Step 1 ΓÇö Confirm and consume auth-store permission helpers",""
"4250","feat(build-study-designer): Step 4 ΓÇö Consistency and verification","enhancement, qa, validation, testing, security, api, dependencies, child, scope: frontend, type: feature, blocked, priority: medium, status: blocked, area: frontend"
"4249","feat(build-study-designer): Step 3 ΓÇö Inject tenant and scope headers in the shared request function","enhancement, security, api, integration, requirements, dependencies, child, type: feature, blocked, priority: medium, status: blocked"
"4248","feat(build-study-designer): Step 2 ΓÇö Consistency and verification","enhancement, qa, validation, testing, security, integration, dependencies, scope: frontend, type: feature, blocked, priority: medium, status: blocked, area: frontend"
"4247","feat(build-study-designer): Step 1 ΓÇö Inject tenant and scope headers in the shared request function","enhancement, security, api, requirements, child, scope: frontend, type: feature, area: frontend"
"4245","Task: Create the Knowledge and Support Hub implementation backlog","type: feature, blocked, priority: high, wayfinder:task"
"4244","Task: Write the Knowledge and Support Hub feature specification","type: feature, blocked, scope: documentation, priority: high, wayfinder:task"
"4243","Grilling: Article search implementation for the Knowledge Hub","api, scope: backend, type: feature, blocked, wayfinder:grilling"
"4242","Grilling: Contextual help mapping model and frontend integration","scope: backend, scope: frontend, type: feature, blocked, wayfinder:grilling"
"4241","Grilling: REST API contract and gateway integration for apps/knowledge/","api, architecture, scope: backend, type: feature, blocked, wayfinder:grilling"
"4240","Grilling: DB schema and data model for apps/knowledge/","architecture, scope: backend, type: feature, blocked, wayfinder:grilling"
"4239","Grilling: Notification and alert system for the Knowledge Hub","scope: backend, scope: frontend, type: feature, wayfinder:grilling"
"4238","Grilling: Support ticket routing, SLA model, and resolution workflow","21CFR11, scope: backend, type: feature, wayfinder:grilling"
"4234","Wayfinder: Unified GxP-Compliant Knowledge & Support Hub","architecture, Parent, type: feature, wayfinder:map"
"4233","feat(build-study-designer): Step 6 ΓÇö Add permission and scope getters to the auth store",""
"4232","feat(build-study-designer): Step 5 ΓÇö Extend the auth store with tenant and scope state","enhancement, security, api, dependencies, child, type: feature, blocked, status: blocked"
"4231","feat(build-study-designer): Step 4 ΓÇö Create the shared frontend authorization module",""
"4230","feat(build-study-designer): Step 3 ΓÇö Add permission and scope getters to the auth store","enhancement, qa, security, dependencies, child, scope: frontend, type: feature, blocked, priority: medium, status: blocked, area: frontend"
"4229","feat(build-study-designer): Step 2 ΓÇö Extend the auth store with tenant and scope state","enhancement, security, api, dependencies, child, type: feature, blocked, status: blocked"
"4228","feat(build-study-designer): Step 1 ΓÇö Create the shared frontend authorization module",""
"4227","feat(build-study-designer): Phase 8 ΓÇö Extend tests for tenant and permission behavior","enhancement, qa, validation, testing, security, api, child, scope: frontend, type: feature, blocked, status: blocked"
"4226","feat(build-study-designer): Phase 7 ΓÇö Apply permission gating in the eCRF/Study Designer view",""
"4225","feat(build-study-designer): Phase 6 ΓÇö Propagate tenant and scope headers through the gateway client","enhancement, security, api, integration, requirements, dependencies, child, type: feature, blocked, priority: medium, status: blocked"
"4224","feat(build-study-designer): Phase 5 ΓÇö Add tenant and permission context to the SPA auth layer","enhancement, security, dependencies, child, type: feature, blocked, status: blocked"
"4223","feat(build-study-designer): Phase 4 ΓÇö Extend tests for tenant and permission behavior","enhancement, qa, validation, testing, security, api, child, scope: frontend, type: feature, blocked, priority: medium, status: blocked, area: frontend"
"4222","feat(build-study-designer): Phase 3 ΓÇö Apply permission gating in the eCRF/Study Designer view",""
"4221","feat(build-study-designer): Phase 2 ΓÇö Propagate tenant and scope headers through the gateway client","enhancement, security, api, integration, requirements, dependencies, child, type: feature, blocked, priority: medium, status: blocked"
"4220","feat(build-study-designer): Phase 1 ΓÇö Add tenant and permission context to the SPA auth layer","enhancement, security, requirements, child, scope: frontend, type: feature, area: frontend"
"4219","feat(setup-vue-3): Step 4 ΓÇö Add tenant propagation and gateway client contract tests","enhancement, security, api, integration, architecture, dependencies, Parent, child, scope: frontend, type: feature, blocked, status: blocked, area: frontend"
"4218","feat(setup-vue-3): Step 3 ΓÇö Harden auth store test coverage","enhancement, qa, validation, testing, child, scope: frontend, type: feature, blocked, priority: medium, area: frontend"
"4217","feat(setup-vue-3): Step 2 ΓÇö Add tenant propagation and gateway client contract tests","enhancement, qa, validation, testing, security, api, integration, dependencies, child, scope: frontend, type: feature, blocked, priority: medium, status: blocked"
"4216","feat(setup-vue-3): Step 1 ΓÇö Harden auth store test coverage","enhancement, qa, validation, testing, scope: frontend, type: feature, priority: medium, area: frontend"
"4215","feat(setup-vue-3): Step 4 ΓÇö Enforce the forbidden-header contract and add test coverage","enhancement, qa, validation, testing, security, compliance, api, integration, requirements, scope: frontend, type: feature, blocked, priority: medium, status: blocked, area: frontend"
"4214","feat(setup-vue-3): Step 3 ΓÇö Store and propagate tenant context","enhancement, security, api, integration, requirements, dependencies, child, scope: frontend, type: feature, blocked, status: blocked, area: frontend"
"4213","feat(setup-vue-3): Step 2 ΓÇö Enforce the forbidden-header contract and add test coverage","enhancement, qa, security, compliance, api, dependencies, child, scope: frontend, type: feature, blocked, priority: medium, status: blocked"
"4212","feat(setup-vue-3): Step 1 ΓÇö Store and propagate tenant context","enhancement, security, api, requirements, child, scope: frontend, type: feature, area: frontend"
"4211","feat(setup-vue-3): Step 4 ΓÇö Configuration documentation and dependency confirmation","enhancement, qa, validation, testing, security, api, integration, architecture, requirements, dependencies, child, scope: frontend, type: feature, blocked, priority: medium, status: blocked"
"4210","feat(setup-vue-3): Step 3 ΓÇö Wire automatic token refresh","enhancement, qa, testing, dependencies, scope: frontend, type: feature, blocked, priority: medium, status: blocked, area: frontend"
"4209","feat(setup-vue-3): Step 2 ΓÇö Configuration documentation and dependency confirmation","enhancement, dependencies, child, scope: frontend, type: feature, blocked, status: blocked"
"4208","feat(setup-vue-3): Step 1 ΓÇö Wire automatic token refresh",""
"4207","feat(setup-vue-3): Step 6 ΓÇö tenant-header and forbidden-header assertions","enhancement, qa, validation, testing, security, compliance, api, scope: frontend, type: feature, blocked, status: blocked"
"4206","feat(setup-vue-3): Step 5 ΓÇö token-refresh tests and Keycloak boundary mock","enhancement, qa, validation, testing, child, scope: frontend, type: feature, blocked, priority: medium, status: blocked, area: frontend"
"4205","feat(setup-vue-3): Step 4 ΓÇö Add tenant derivation and X-Tenant-Id emission","enhancement, security, api, integration, dependencies, child, scope: frontend, type: feature, blocked, status: blocked, area: frontend"
"4204","feat(setup-vue-3): Step 3 ΓÇö tenant-header and forbidden-header assertions","enhancement, qa, validation, testing, security, api, dependencies, child, scope: frontend, type: feature, blocked, status: blocked, area: frontend"
"4203","feat(setup-vue-3): Step 2 ΓÇö token-refresh tests and Keycloak boundary mock","enhancement, qa, validation, testing, security, child, scope: frontend, type: feature, blocked, priority: medium, status: blocked, area: frontend"
"4202","feat(setup-vue-3): Step 1 ΓÇö Add tenant derivation and X-Tenant-Id emission","enhancement, security, api, requirements, child, scope: frontend, type: feature, area: frontend"
"4199","feat(setup-vue-3): Step 8 ΓÇö Tests","enhancement, qa, validation, testing, security, compliance, api, integration, architecture, requirements, dependencies, child, scope: frontend, type: feature, blocked, priority: medium, status: blocked, area: frontend"
"4198","feat(setup-vue-3): Step 7 ΓÇö Forbidden-header contract verification",""
"4197","feat(setup-vue-3): Step 6 ΓÇö Tenant header propagation through the API client","enhancement, security, api, integration, requirements, dependencies, child, type: feature, blocked, priority: medium, status: blocked"
"4196","feat(setup-vue-3): Step 5 ΓÇö Tenant context in the auth store","enhancement, security, dependencies, Parent, child, scope: frontend, type: feature, blocked, status: blocked, area: frontend"
"4195","feat(setup-vue-3): Step 4 ΓÇö Tests","enhancement, security, api, integration, architecture, dependencies, child, scope: frontend, type: feature, blocked, status: blocked, area: frontend"
"4194","feat(setup-vue-3): Step 3 ΓÇö Forbidden-header contract verification",""
"4193","feat(setup-vue-3): Step 2 ΓÇö Tenant header propagation through the API client",""
"4192","feat(setup-vue-3): Step 1 ΓÇö Tenant context in the auth store","enhancement, security, requirements, child, scope: frontend, type: feature, area: frontend"
"4136","feat(build-structured-usdm): Phase 4 ΓÇö Frontend data, API, and auth-scope foundations","enhancement, security, api, integration, architecture, requirements, dependencies, child, scope: frontend, type: feature, blocked, priority: medium, status: blocked, area: frontend"
"4135","feat(build-structured-usdm): Phase 3 ΓÇö Routing, tests, and documentation","documentation, enhancement, testing, security, compliance, 21CFR11, cdisc, interoperability, api, integration, architecture, requirements, dependencies, child, type: feature, blocked"
"4134","feat(build-structured-usdm): Phase 2 ΓÇö Structured authoring editor UI","enhancement, security, compliance, 21CFR11, cdisc, interoperability, api, integration, architecture, requirements, dependencies, child, scope: frontend, type: feature, blocked, status: blocked, area: frontend"
"4133","feat(build-structured-usdm): Phase 1 ΓÇö Frontend data, API, and auth-scope foundations","enhancement, security, cdisc, api, integration, architecture, child, scope: frontend, type: feature, area: frontend"
"4132","feat(export-annotated-crf): Step 6 ΓÇö Tests and GxP traceability","documentation, qa, validation, testing, security, compliance, 21CFR11, cdisc, requirements"
"4131","feat(export-annotated-crf): Step 5 ΓÇö Frontend export options","enhancement, cdisc, interoperability, api, integration, prd, scope: backend, type: feature, area: backend"
"4130","feat(export-annotated-crf): Step 4 ΓÇö RBAC permissions and router wiring","enhancement, security, compliance, cdisc, api, Parent, child, scope: backend, type: feature, blocked, area: backend"
"4129","feat(export-annotated-crf): Step 3 ΓÇö Tests and GxP traceability","documentation, enhancement, qa, validation, testing, security, compliance, 21CFR11, cdisc, interoperability, api, integration, prd, requirements, child, blocked, area: backend"
"4128","feat(export-annotated-crf): Step 2 ΓÇö Frontend export options","enhancement"
"4127","feat(export-annotated-crf): Step 1 ΓÇö RBAC permissions and router wiring","enhancement, security, compliance, cdisc, api, child, scope: backend, type: feature, area: backend"
"4126","feat(export-annotated-crf): Step 6 ΓÇö Define-XML export endpoint and wizard option","documentation, enhancement, qa, validation, testing, security, compliance, 21CFR11, cdisc, interoperability, api, integration, architecture, tdd, prd, requirements, Parent, child, scope: backend, type: feature, blocked, status: blocked, area: backend, L0"
"4125","feat(export-annotated-crf): Step 5 ΓÇö Define-XML structural validator","documentation, enhancement, qa, validation, security, compliance, 21CFR11, cdisc, interoperability, architecture, requirements, scope: backend, type: feature, blocked, priority: high, status: blocked, area: backend"
"4124","feat(export-annotated-crf): Step 4 ΓÇö Define-XML serialization core","enhancement, validation, security, compliance, 21CFR11, cdisc, interoperability, architecture, requirements, dependencies, child, scope: backend, type: feature, blocked, status: blocked"
"4123","feat(export-annotated-crf): Step 3 ΓÇö Define-XML export endpoint and wizard option","documentation, enhancement, qa, validation, testing, security, compliance, cdisc, interoperability, api, integration, architecture, tdd, prd, requirements, dependencies, Parent, child, scope: backend, type: feature, status: blocked, area: backend"
"4122","feat(export-annotated-crf): Step 2 ΓÇö Define-XML structural validator","enhancement, validation, security, compliance, cdisc, interoperability, architecture, requirements, Parent, child, scope: backend, type: feature, blocked, priority: high, status: blocked, area: backend, L0"
"4121","feat(export-annotated-crf): Step 1 ΓÇö Define-XML serialization core","enhancement, validation, security, compliance, 21CFR11, cdisc, interoperability, architecture, requirements, dependencies, Parent, child, scope: backend, type: feature"
"4120","feat(export-annotated-crf): Step 6 ΓÇö Expose the aCRF export endpoint","enhancement, testing, security, compliance, 21CFR11, cdisc, api, architecture, requirements, dependencies, child, scope: backend, type: feature, blocked, area: backend"
"4119","feat(export-annotated-crf): Step 5 ΓÇö Render the annotated CRF to PDF","enhancement, compliance, 21CFR11, cdisc, interoperability, architecture, requirements, dependencies, child, scope: backend, type: feature, blocked, priority: medium, status: blocked, area: backend"
"4118","feat(export-annotated-crf): Step 4 ΓÇö Model and assemble the annotated CRF document","enhancement, validation, compliance, 21CFR11, cdisc, interoperability, integration, architecture, requirements, dependencies, Parent, child, scope: backend, type: feature, blocked, status: blocked"
"4117","feat(export-annotated-crf): Step 3 ΓÇö Expose the aCRF export endpoint","documentation, enhancement, qa, validation, testing, security, compliance, 21CFR11, cdisc, interoperability, api, integration, architecture, tdd, prd, requirements, dependencies, Parent, child, scope: backend, type: feature, blocked, priority: high, priority: medium, status: blocked, status: in-progress, L0"
"4116","feat(export-annotated-crf): Step 2 ΓÇö Render the annotated CRF to PDF","enhancement, compliance, 21CFR11, cdisc, interoperability, architecture, requirements, child, scope: backend, type: feature, blocked, priority: high, status: blocked"
"4115","feat(export-annotated-crf): Step 1 ΓÇö Model and assemble the annotated CRF document","enhancement, compliance, 21CFR11, cdisc, architecture, scope: backend, type: feature"
"4114","feat(export-annotated-crf): Step 2 ΓÇö Add the crf_export RBAC resource","enhancement, security, blocked"
"4113","feat(export-annotated-crf): Step 1 ΓÇö Add the crf_export RBAC resource","enhancement, security, compliance, child, scope: backend, type: feature, area: backend"
"4112","feat(export-annotated-crf): Step 8 ΓÇö Tests","enhancement, qa, validation, testing, security, compliance, 21CFR11, cdisc, interoperability, api, integration, Parent, child, scope: backend, type: feature, blocked, status: blocked, area: backend"
"4111","feat(export-annotated-crf): Step 7 ΓÇö Define-XML export endpoint and schema","enhancement, qa, validation, testing, security, compliance, 21CFR11, cdisc, interoperability, api, integration, architecture, requirements, dependencies, child, scope: backend, type: feature, blocked, priority: medium, area: backend, L0"
"4110","feat(export-annotated-crf): Step 6 ΓÇö Define-XML structural validator","documentation, enhancement, qa, validation, testing, security, compliance, cdisc, interoperability, api, integration, architecture, tdd, prd, requirements, dependencies, Parent, child, scope: backend, type: feature, blocked, priority: high, priority: medium, status: blocked, status: in-progress, area: backend, L0"
"4109","feat(export-annotated-crf): Step 5 ΓÇö Define-XML serializer and metadata derivation","enhancement, validation, testing, security, compliance, 21CFR11, cdisc, interoperability, architecture, dependencies, child, scope: backend, type: feature, blocked"
"4108","feat(export-annotated-crf): Step 4 ΓÇö Tests","enhancement, qa, validation, testing, compliance, cdisc, interoperability, api, integration, tdd, child, scope: backend, type: feature, blocked"
"4107","feat(export-annotated-crf): Step 3 ΓÇö Define-XML export endpoint and schema","documentation, enhancement, qa, validation, testing, security, compliance, 21CFR11, cdisc, interoperability, api, integration, architecture, tdd, prd, requirements, dependencies, Parent, child, scope: backend, type: feature, priority: high, status: blocked, status: in-progress, area: backend, L0"
"4106","feat(export-annotated-crf): Step 2 ΓÇö Define-XML structural validator","enhancement, validation, testing, cdisc, requirements, child, scope: backend, type: feature, blocked"
"4105","feat(export-annotated-crf): Step 1 ΓÇö Define-XML serializer and metadata derivation","enhancement, validation, security, compliance, 21CFR11, cdisc, interoperability, architecture, requirements, dependencies, scope: backend, type: feature"
"4104","Bug: aCRF exports",""
"4081","08: [Platform / Demo] Top-Bar Persona Switching, Golden Path Walkthrough & GxP Verification","enhancement, type: feature, ready-for-agent"
"4080","07: [Data Manager & Auditor] 21 CFR Part 11 Audit Trail, Medical Coding & Dataset Exports","enhancement, type: feature, ready-for-agent"
"4079","06: [CRA Monitor] CTMS Monitoring Console, SDV Toggles & Query Discrepancy Lifecycle","enhancement, type: feature, ready-for-agent"
"4078","05: [Site CRC] Dynamic Subject Enrollment & eCRF Visit Execution with Edit Checks","enhancement, type: feature, ready-for-agent"
"3570","quality: complete and record the paused PR #3552 verification suite","priority: critical"
"3569","backend: retire Python 3.14, FastAPI, Pydantic v2, Starlette, and UTC deprecation warnings","priority: critical"
"3568","frontend: eliminate and ratchet the Vue/ESLint warning backlog","priority: critical"
"3566","security: make detect-secrets fast and source-aware for the checked-in CDISC corpus","priority: critical"
"3478","feat(build-usdm-json): Step 3 ΓÇö Add GxP audit fields to the USDM model layer",""
"3189","Phase 4: Builder Module Integration (`apps/web`)","enhancement, security, api, integration, architecture, scope: frontend, type: feature, priority: medium, area: frontend"
"3188","Phase 6: eConsent Mapping and Subject Portal Rendering","enhancement, security, compliance, integration, architecture, scope: backend, scope: frontend, type: feature, priority: medium, area: frontend, area: backend"
"3187","Phase 5: Execution Service Submission, Validation, and Compliance Hooks","enhancement, security, compliance, 21CFR11, api, integration, architecture, scope: backend, type: feature, priority: medium, area: backend"
"3186","Phase 3: Shared Render Module (`packages/ui`)","enhancement, security, integration, architecture, scope: frontend, type: feature, priority: medium, area: frontend"
"3184","Phase 2: Designer Service Backend (Schema CRUD, Versioning, Branching, Comments)","enhancement, security, compliance, 21CFR11, api, integration, architecture, scope: backend, type: feature, priority: medium, area: backend, L0"
"3183","Phase 1: Canonical Form Schema Contract and Field-Type Taxonomy","documentation, enhancement, security, compliance, 21CFR11, api, integration, architecture, scope: backend, scope: frontend, type: feature, priority: medium, area: frontend"
"3174","Visual eCRF Designer & Canvas Architecture Specifications","enhancement, security, compliance, 21CFR11, api, integration, architecture, scope: frontend, type: feature, priority: medium, area: frontend"
"2429","Post-Market Surveillance (Phase IV) Optimization","enhancement, compliance, 21CFR11, prd, requirements, type: feature, L0"
"2428","Smart Contracts for Site Payments","enhancement, compliance, 21CFR11, type: feature"
"2427","BYOD ePRO Validation Guardrails","enhancement, validation, compliance, 21CFR11, requirements, type: feature"
"2426","Dynamic eConsent with Knowledge Checks","enhancement, qa, validation, testing, security, compliance, 21CFR11, api, architecture, prd, requirements, scope: backend, type: feature"
"2425","Cross-Study Investigator & Site Master Graph","enhancement, compliance, 21CFR11, architecture, prd, requirements, type: feature"
"2424","Automated Cypher Traversal Testing","enhancement, compliance, 21CFR11, prd, requirements, scope: frontend, type: feature, area: frontend"
"2423","Continuous Validation & Automated OQ/PQ","documentation, enhancement, qa, validation, testing, compliance, 21CFR11, requirements, type: feature, L0"
"2422","Pharmacokinetic/Pharmacodynamic (PK/PD) Module","enhancement, compliance, 21CFR11, requirements, type: feature, L0"
"2421","Federated Machine Learning Infrastructure","enhancement, compliance, 21CFR11, type: feature"
"2420","Digital Biomarker Processing Pipeline","enhancement, compliance, 21CFR11, architecture, prd, requirements, scope: backend, type: feature, area: backend, L0"
"2419","Generative AI for Query Auto-Resolution","enhancement, compliance, 21CFR11, type: feature"
"2418","Automated Data Transfer Agreement (DTA) Execution","enhancement, compliance, 21CFR11, integration, requirements, type: feature"
"2417","Local Lab Normalization Engine","enhancement, compliance, 21CFR11, requirements, scope: backend, type: feature, area: backend"
"2416","Automated Dictionary Upboarding","enhancement, compliance, 21CFR11, architecture, requirements, type: feature"
"2415","Clinical Trial Diversity & Inclusion Analytics","enhancement, compliance, 21CFR11, requirements, type: feature, L0"
"2414","Blinded Data Review Meeting (BDRM) Workflows","enhancement, security, compliance, 21CFR11, requirements, type: feature, L0"
"2413","Sponsor-Level Cross-Trial Reporting","enhancement, compliance, 21CFR11, prd, requirements, scope: frontend, type: feature, area: frontend, L0"
"2412","Protocol Deviation Management Engine","enhancement, compliance, 21CFR11, type: feature"
"2411","Graph-Native Anomaly Detection","enhancement, compliance, 21CFR11, prd, requirements, type: feature, L0"
"2410","eSource Direct Data Capture (DDC)","enhancement, compliance, 21CFR11, requirements, type: feature, L0"
"2409","Directed Acyclic Graph (DAG) Protocol Execution","enhancement, compliance, 21CFR11, architecture, prd, requirements, type: feature"
"2408","Visual Graph Exploration UI","enhancement, compliance, 21CFR11, architecture, prd, requirements, type: feature, L0"
"2407","Impact Analysis via Graph Traversal","enhancement, compliance, 21CFR11, architecture, prd, requirements, type: feature"
"2406","Clinical Terminology Knowledge Graph","enhancement, compliance, 21CFR11, interoperability, architecture, scope: frontend, type: feature, area: frontend"
"2405","Graph-Native Metadata Repository (MDR) Lineage","enhancement, compliance, 21CFR11, architecture, requirements, type: feature"
"2404","Micro-Frontend Architecture (MFE)","enhancement, architecture, requirements, scope: frontend, type: feature, area: frontend"
"2403","GraphQL API Federation","enhancement, compliance, 21CFR11, api, integration, architecture, prd, requirements, scope: backend, type: feature, area: backend"
"2402","TypeScript Graph Object Mapping & Cypher Generation","enhancement, type: feature, L0"
"2401","Centralized IAM & Identity Federation","enhancement, security, compliance, 21CFR11, integration, architecture, requirements, type: feature, L0"
"2400","Graph-Based RBAC & Identity Resolution","enhancement, security, compliance, 21CFR11, architecture, requirements, scope: backend, type: feature, area: backend, L0"
"2399","Cross-Study Data Pooling (ISS/ISE Preparation)","enhancement, compliance, 21CFR11, architecture, prd, requirements, type: feature, L0"
"2398","Automated System Release Notes & Training Matrix Updates","enhancement, compliance, 21CFR11, requirements, type: feature, L0"
"2397","Conflict of Interest (COI) & Financial Disclosure Management","enhancement, compliance, 21CFR11, requirements, type: feature"
"2396","Electronic Investigator Site File (eISF) Portal","enhancement, security, compliance, 21CFR11, api, integration, architecture, requirements, child, scope: backend, scope: frontend, type: feature, priority: medium, area: frontend, L0"
"2395","Master Data Management (MDM) for Investigator Registries","enhancement, compliance, 21CFR11, architecture, requirements, type: feature"
"2394","AI-Driven Centralized Statistical Monitoring (CSM)","enhancement, compliance, 21CFR11, type: feature, L0"
"2393","Vocal Biomarker & Audio eCOA Capture","enhancement, security, compliance, 21CFR11, requirements, type: feature, L0"
"2392","Chaos Engineering & Resiliency Testing","enhancement, qa, validation, testing, compliance, 21CFR11"
"2391","Zero-Trust Network Architecture (ZTNA)","enhancement, security, compliance, ISO-27001, architecture, requirements, type: feature, L0"
"2390","Distributed Database Sharding & Partitioning","enhancement, security, architecture, requirements, scope: backend, type: feature, area: backend, L0"
"2389","SMART on FHIR App Launch Framework","enhancement, security, compliance, 21CFR11, api, integration, architecture, prd, requirements, type: feature"
"2388","OMOP Common Data Model (CDM) Export","enhancement, compliance, interoperability, integration, requirements, scope: backend, type: feature, area: backend"
"2387","Registry & Long-Term Follow-Up (LTFU) Modules","enhancement, compliance, 21CFR11, integration, requirements, scope: backend, type: feature, priority: medium, area: backend, L0"
"2386","Real-World Data (RWD) Tokenization","enhancement, compliance, 21CFR11, prd, requirements, type: feature, L0"
"2385","Master Protocol Architecture (Basket & Umbrella Trials)","enhancement, compliance, 21CFR11, architecture, requirements, type: feature"
"2384","Pillar 12: Specialized Trial Designs & Real-World Evidence","enhancement, compliance, 21CFR11, requirements, type: feature, L0"
"2383","Clinical Trial Forecasting & Financial Burn Tracking","enhancement, compliance, type: feature"
"2382","Site Budget Negotiation & Contracting Workflows","enhancement, compliance, 21CFR11, prd, requirements, type: feature"
"2381","Pillar 11: Enterprise Financials & Contracting","enhancement, compliance, prd, requirements, scope: frontend, type: feature, area: frontend"
"2380","Travel & Logistics Concierge Integration","enhancement, compliance, 21CFR11, integration, requirements, type: feature"
"2379","Retention Gamification & Adherence Nudging","enhancement, compliance, 21CFR11, type: feature"
"2378","Patient-Facing Portal & Return of Results","enhancement, compliance, 21CFR11, type: feature"
"2377","Pillar 10: Advanced Patient Engagement & Retention","enhancement, compliance, 21CFR11, prd, requirements, type: feature"
"2376","Integrated Helpdesk & User Ticketing","enhancement, type: feature, L0"
"2375","Data Subject Access Request (DSAR) Automation","enhancement, qa, validation, testing, security, compliance, 21CFR11, requirements, type: feature, priority: medium, area: backend"
"2374","PDF/A Archival Validation Engine","enhancement, validation, testing, compliance, 21CFR11, type: feature, L0"
"2373","Lab Kit Reconciliation & Destruction Logging","enhancement, compliance, 21CFR11, scope: frontend, type: feature, area: frontend"
"2372","Device Provisioning & Mobile Asset Management","enhancement, security, compliance, 21CFR11, prd, requirements, scope: frontend, type: feature, area: frontend"
"2371","BIMO (Bioresearch Monitoring) Data Package Compilation","enhancement, compliance, 21CFR11, type: feature, L0"
"2370","SAS XPT Transport File Generation","enhancement, compliance, 21CFR11, cdisc, interoperability, api, integration, type: feature, area: backend"
"2369","High-Throughput REST API Export Engine","enhancement, compliance, 21CFR11, interoperability, api, integration, architecture, requirements, scope: backend, type: feature, area: backend"
"2368","Targeted Source Data Verification (T-SDV) Engine","enhancement, compliance, 21CFR11, prd, requirements, scope: frontend, type: feature, area: frontend, L0"
"2367","Automated Medical Image Redaction","enhancement, security, compliance, 21CFR11, requirements, type: feature"
"2366","Side-by-Side Remote Source Data Review (RSDR)","enhancement, compliance, type: feature, L0"
"2365","E-Signature & Regional PKI Integrations","enhancement, security, compliance, 21CFR11, integration, architecture, requirements, scope: frontend, type: feature, area: frontend"
"2364","Patient Stipend & Expense Reimbursement","enhancement, testing, compliance, 21CFR11, prd, requirements, scope: backend, scope: frontend, type: feature, area: frontend, area: backend"
"2363","Native Barcode & QR Code Scanning","enhancement, compliance, 21CFR11, prd, requirements, scope: frontend, type: feature, area: frontend"
"2362","Reusable Edit Check & Logic Function Library","enhancement, validation, compliance, 21CFR11, architecture, requirements, type: feature, L0"
"2361","Cross-Study Impact Analysis Engine","enhancement, compliance, 21CFR11, architecture, prd, requirements, type: feature"
"2360","Git-Style Branching & Merge Conflict Resolution","enhancement, compliance, 21CFR11, architecture, requirements, scope: frontend, type: feature, priority: medium, area: frontend"
"2359","Centralized Feature Flag Management","enhancement, compliance, 21CFR11, architecture, requirements, scope: backend, type: feature, area: backend"
"2358","API Gateway & Advanced Rate Limiting","enhancement, security, api, architecture, requirements, scope: backend, type: feature, area: backend, L0"
"2357","Event-Driven Webhook Subscriptions","enhancement, compliance, interoperability, api, integration, type: feature"
"2356","System Telemetry, APM & SLA Monitoring","enhancement, compliance, 21CFR11, architecture, requirements"
"2355","In-App Contextual Onboarding & Interactive Training","enhancement, compliance, 21CFR11, requirements"
"2354","Pillar 9: Operational Enablement & Platform Telemetry","enhancement, compliance, 21CFR11, type: feature, L0"
"2353","Enterprise Data Lineage & Provenance Mapping","enhancement, compliance, 21CFR11, architecture, requirements"
"2352","Automated Computer System Validation (CSV) Evidence Packaging","enhancement, validation, testing, compliance, 21CFR11, requirements, type: feature"
"2351","Inspector & Auditor Dedicated Workspaces","enhancement, security, compliance, 21CFR11, requirements, type: feature"
"2350","Pillar 8: Regulatory Inspection Readiness & Governance","documentation, enhancement, qa, validation, testing, compliance, 21CFR11, requirements, type: feature, L0"
"2349","Clinical Trial Material (CTM) & Investigational Product Logistics","enhancement, compliance, interoperability, integration, type: feature"
"2348","Biospecimen & Sample Chain-of-Custody Tracking","enhancement, compliance, 21CFR11, type: feature"
"2347","Pillar 7: Physical Trial Logistics & Biospecimen Management","enhancement, compliance, 21CFR11, requirements, type: feature, L0"
"2346","Predictive Trial Analytics & Risk Modeling","enhancement, compliance, 21CFR11, type: feature"
"2345","AI-Assisted Medical Coding & Semantic Suggestion Engine","enhancement, compliance, 21CFR11, architecture, prd, type: feature"
"2344","AI-Driven Protocol Parsing & Draft Auto-Generation","enhancement, compliance, 21CFR11, type: feature"
"2343","Pillar 6: AI, Automation & Intelligent Assistance","enhancement, compliance, 21CFR11, architecture, requirements, Parent, type: feature, L0"
"2342","Regulatory Submission Ready Package Compiler","enhancement, compliance, 21CFR11, requirements"
"2341","Long-Term Data Archival & Cold Storage Migration","enhancement, compliance, 21CFR11, architecture, requirements, scope: backend, type: feature, priority: medium, area: backend, L0"
"2340","Cryptographic Archive & PDF Generation","enhancement, security, compliance, 21CFR11, architecture, type: feature"
"2339","Automated Database Lock & Soft-Lock Workflows","enhancement, security, compliance, 21CFR11, prd, requirements, type: feature, area: backend"
"2338","External EHR & Direct Data Capture (DDC) Ingestion","enhancement, compliance, 21CFR11, cdisc, api, integration, requirements, scope: backend, type: feature"
"2337","Computable SoA & USDM Export Workers","enhancement, compliance, 21CFR11, cdisc, interoperability, api, integration, architecture, requirements, scope: backend, type: feature, area: backend"
"2336","Electronic Trial Master File (eTMF) Integration","enhancement, compliance, interoperability, integration, type: feature, priority: medium, area: backend"
"2335","Real-Time SDTM Conformance Testing Engines","enhancement, qa, validation, testing, compliance, 21CFR11, requirements, type: feature"
"2334","Standardized SDTM Data Extraction & ETL","enhancement, compliance, 21CFR11, cdisc, interoperability, integration, scope: backend, type: feature, area: backend"
"2333","CDISC & ODM Structural Generation Pipelines","enhancement, compliance, 21CFR11, ISO-27001, cdisc, architecture, prd, requirements, scope: backend, type: feature, priority: medium, area: backend, L0"
"2332","Pillar 5: Clinical Standards, Interoperability & Trial Closeout","enhancement, security, compliance, 21CFR11, interoperability, api, integration, architecture, requirements, Parent, scope: backend, type: feature, area: backend, L0"
"2331","Custom Ad-Hoc Reporting Builder","enhancement, compliance, 21CFR11, requirements, type: feature"
"2330","Risk-Based Quality Management (RBQM) Triggers","enhancement, compliance, 21CFR11, requirements, type: feature"
"2329","Data Management Medical Coding Workflows","enhancement, compliance, 21CFR11, requirements, Parent"
"2328","Pharmacovigilance & SAE Reporting Routing","compliance, 21CFR11, api, integration, type: feature, area: backend"
"2327","Financial Tracking & Automated Site Payments","enhancement, compliance, 21CFR11, requirements, type: feature"
"2326","Clinical Site Management & Engagement (CTMS Integration)","enhancement, compliance, 21CFR11, interoperability, integration, type: feature"
"2325","Real-Time Operational Analytics & Dashboards","enhancement, compliance, 21CFR11, requirements, type: feature"
"2324","Closed-Loop Query Management & Routing","enhancement, security, compliance, 21CFR11, api, integration, architecture, requirements, scope: backend, type: feature, priority: medium"
"2323","Intelligent Discrepancy Detection Algorithms","enhancement, compliance, 21CFR11, prd, requirements, type: feature"
"2322","Item-Level Source Data Verification (SDV)","enhancement, compliance, 21CFR11, requirements, type: feature"
"2321","Pillar 4: Data Quality, Monitoring & Operational Analytics","enhancement, compliance, 21CFR11, prd, requirements, scope: frontend, type: feature, area: frontend, L0"
"2320","Consent Management & eConsent Workflows","enhancement, compliance, 21CFR11, prd, requirements, Parent, type: feature, priority: high"
"2319","Multimedia Capture & Secure Attachment Storage","enhancement, testing, security, compliance, 21CFR11, type: feature"
"2318","Cross-Form Dynamic State Hydration","enhancement, compliance, 21CFR11, prd, requirements, type: feature"
"2317","Offline Mode & Asynchronous Data Synchronization","enhancement, testing, compliance, 21CFR11, integration, requirements, type: feature"
"2316","Subject Screening & Enrollment Journey Tracking","enhancement, compliance, 21CFR11, requirements, type: feature"
"2315","Subject Randomization & Trial Supply Management (RTSM)","enhancement, compliance, 21CFR11, requirements, type: feature"
"2314","Decentralized Clinical Trial (DCT) Workflows","enhancement, compliance, 21CFR11, requirements, Parent, type: feature, priority: medium"
"2313","High-Frequency Wearable & IoT Data Ingestion","enhancement, validation, testing, compliance, 21CFR11, api, integration, architecture, requirements, scope: backend, type: feature, area: backend"
"2312","Electronic Patient-Reported Outcomes (ePRO) & eCOA","enhancement, testing, compliance, 21CFR11, integration, requirements, type: feature"
"2311","High-Performance Form Execution Engine","enhancement, compliance, 21CFR11, architecture, scope: backend, type: feature, area: backend"
"2310","Pillar 3: Form Execution, Runtime Engine & Patient Data Capture","enhancement, compliance, 21CFR11, architecture, requirements, Parent, type: feature, L0"
"2309","Automated Schema Generation & Validation","enhancement, validation, testing, compliance, 21CFR11, architecture"
"2308","Adaptive Trial Design & Protocol Amendments","enhancement, compliance, 21CFR11, type: feature"
"2307","Automated Study Simulation & Validation Harness","enhancement, qa, validation, testing, compliance, 21CFR11, requirements"
"2306","Clinical Terminology Native Integration","enhancement, compliance, 21CFR11, integration, requirements, type: feature"
"2305","Centralized Laboratory Reference & Mapping Builder","enhancement, compliance, 21CFR11, requirements, type: feature"
"2304","Collaborative Authoring & Concurrent Editing Locks","enhancement, testing, compliance, 21CFR11, requirements, type: feature"
"2303","Global Library Management & Inheritance Diffing","documentation, enhancement, validation, testing, security, compliance, 21CFR11, cdisc, api, integration, architecture, prd, requirements, dependencies, child, scope: backend, type: feature, priority: medium, area: backend, L2, L0"
"2302","Dynamic Edit Check & Branching Logic Engine","enhancement, compliance, 21CFR11, architecture, prd, requirements, type: feature"
"2301","Interactive Protocol & Schedule of Activities (SoA) Builder","enhancement, validation, testing, security, compliance, 21CFR11, cdisc, integration, architecture, prd, requirements, Parent, scope: backend, scope: frontend, type: feature, area: frontend, area: backend"
"2300","Visual eCRF Designer & Canvas Architecture","enhancement, compliance, 21CFR11, architecture, requirements, scope: frontend, type: feature, area: frontend"
"2299","Pillar 2: cadence-clinical Builder, Study Design & MDR","enhancement, compliance, 21CFR11, cdisc, architecture, prd, requirements, type: feature, L0"
"2298","Global Library Workspace Configuration","enhancement, compliance, 21CFR11, prd, requirements, type: feature"
"2297","High-Availability Disaster Recovery & Redundancy","enhancement, compliance, 21CFR11, architecture, requirements, type: feature"
"2296","Infrastructure as Code (IaC) & Cloud Orchestration","enhancement, compliance, 21CFR11, architecture, requirements, type: feature"
"2295","Continuous Integration & Deployment (CI/CD) Architecture","enhancement, architecture"
"2294","Developer SDKs & Extensible API Ecosystem","enhancement, security, compliance, 21CFR11, api, integration, architecture, requirements, scope: backend, type: feature"
"2293","Multi-Regional Translation & Localization Engine","enhancement, compliance, 21CFR11, requirements, type: feature"
"2292","Data Privacy, Blinding & De-identification","enhancement, security, compliance, 21CFR11, requirements, type: feature"
"2291","21 CFR Part 11 Auditability & Step-Up Signatures","enhancement, validation, testing, security, compliance, 21CFR11, requirements, type: feature, priority: medium, L0"
"2290","Federated Identity & SSO Authentication","enhancement, security, compliance, 21CFR11, integration, requirements"
"2289","Enterprise Multi-Tenancy & Identity Propagation","enhancement, security, compliance, 21CFR11, integration, architecture, requirements, scope: backend, type: feature, area: backend"
"2288","Pillar 1: Foundational Infrastructure, Security & Identity","enhancement, security, compliance, 21CFR11, ISO-27001, architecture, requirements, type: feature, L0"
